Braund, Mr.
Cumings, Mrs.
Heikkinen, Miss.
Futrelle, Mrs.
Allen, Mr.
Moran, Mr.
McCarthy, Mr.
Palsson, Master.
Johnson, Mrs.
Nasser, Mrs.
Sandstrom, Miss.
Bonnell, Miss.
Saundercock, Mr.
Andersson, Mr.
Vestrom, Miss.
Hewlett, Mrs.
Rice, Master.
Williams, Mr.
Vander Planke, Mr.
Masselmani, Mrs.
Fynney, Mr.
Beesley, Mr.
McGowan, Miss.
Sloper, Mr.
Palsson, Miss.
Asplund, Mrs.
Emir, Mr.
Fortune, Mr.
O'Dwyer, M
Todoroff, Mr.
Uruchurtu, Don.
Spencer, Mrs.
Glynn, Miss.
Wheadon, Mr.
Meyer, Mr.
Holverson, Mr.
Mamee, Mr.
Cann, Mr.
Uruchurtu, Don.
Spencer, Mrs.
Glynn, Miss.
Wheadon, Mr.
Meyer, Don.
Holverson, Mr.
Mamee, Mr.
Cann, Miss.
